4,AAR,https://www.glassdoor.com/Overview/Working-at-AAR-EI_IE4.11,14.htm
6,Motorsports Authentics,https://www.glassdoor.com/Overview/Working-at-Motorsports-Authentics-EI_IE6.11,33.htm
7,AMETEK Inc.,https://www.glassdoor.com/Overview/Working-at-AMETEK-EI_IE7.11,17.htm
8,American Airlines,https://www.glassdoor.com/Overview/Working-at-American-Airlines-EI_IE8.11,28.htm
12,Abbott,https://www.glassdoor.com/Overview/Working-at-Abbott-EI_IE12.11,17.htm
13,Acme Electric (North Carolina),https://www.glassdoor.com/Overview/Working-at-Acme-Electric-North-Carolina-EI_IE13.11,39.htm
14,BankUnited Financial Corporation,https://www.glassdoor.com/Overview/Working-at-BankUnited-EI_IE14.11,21.htm
15,AMD,https://www.glassdoor.com/Overview/Working-at-AMD-EI_IE15.htm
16,Aetna,https://www.glassdoor.com/Overview/Working-at-Aetna-EI_IE16.11,16.htm
17,Air Products,https://www.glassdoor.com/Overview/Working-at-Air-Products-EI_IE17.11,23.htm
18,Airgas,https://www.glassdoor.com/Overview/Working-at-Airgas-EI_IE18.11,17.htm
19,Alaska Airlines,https://www.glassdoor.com/Overview/Working-at-Alaska-Airlines-EI_IE19.11,26.htm
20,Albany International,https://www.glassdoor.com/Overview/Working-at-Albany-International-EI_IE20.11,31.htm
21,Alberto-Culver,https://www.glassdoor.com/Overview/Working-at-Alberto-Culver-EI_IE21.11,25.htm
22,Albertsons Companies,https://www.glassdoor.com/Overview/Working-at-Albertsons-Companies-EI_IE22.11,31.htm
23,IKON Office Solutions Inc.,https://www.glassdoor.com/Overview/Working-at-IKON-EI_IE23.11,15.htm
25,Alleghany Corporation,https://www.glassdoor.com/Overview/Working-at-Alleghany-Corporation-EI_IE25.11,32.htm
26,Allegheny Energy,https://www.glassdoor.com/Overview/Working-at-Allegheny-Energy-EI_IE26.11,27.htm
27,Allergan,https://www.glassdoor.com/Overview/Working-at-Allergan-EI_IE27.11,19.htm
28,Honeywell,https://www.glassdoor.com/Overview/Working-at-Honeywell-EI_IE28.11,20.htm
29,Alcoa,https://www.glassdoor.com/Overview/Working-at-Alcoa-EI_IE29.11,16.htm
30,Hess Corporation,https://www.glassdoor.com/Overview/Working-at-Hess-Corporation-EI_IE30.11,27.htm
31,Fortune Brands Home & Security,https://www.glassdoor.com/Overview/Working-at-Fortune-Brands-Home-and-Security-EI_IE31.11,43.htm
32,ABM Industries,https://www.glassdoor.com/Overview/Working-at-ABM-Industries-EI_IE32.11,25.htm
33,Transocean Ltd.,https://www.glassdoor.com/Overview/Working-at-Transocean-EI_IE33.11,21.htm
34,American Electric Power Company Inc.,https://www.glassdoor.com/Overview/Working-at-AEP-EI_IE34.11,14.htm
35,American Express,https://www.glassdoor.com/Overview/Working-at-American-Express-EI_IE35.11,27.htm
36,Shoe Carnival,https://www.glassdoor.com/Overview/Working-at-Shoe-Carnival-EI_IE36.11,24.htm
39,Wyeth,https://www.glassdoor.com/Overview/Working-at-Wyeth-EI_IE39.11,16.htm
40,AIG,https://www.glassdoor.com/Overview/Working-at-AIG-EI_IE40.11,14.htm
41,APL,https://www.glassdoor.com/Overview/Working-at-APL-EI_IE41.11,14.htm
42,Icahn Enterprises,https://www.glassdoor.com/Overview/Working-at-Icahn-Enterprises-EI_IE42.11,28.htm
44,American Water Works Company Inc.,https://www.glassdoor.com/Overview/Working-at-American-Water-EI_IE44.11,25.htm
45,Ameron,https://www.glassdoor.com/Overview/Working-at-Ameron-EI_IE45.11,17.htm
46,Ampco-Pittsburgh,https://www.glassdoor.com/Overview/Working-at-Ampco-Pittsburgh-EI_IE46.11,27.htm
47,Anacomp,https://www.glassdoor.com/Overview/Working-at-Anacomp-EI_IE47.htm
48,Anadarko Petroleum Corporation,https://www.glassdoor.com/Overview/Working-at-Anadarko-Petroleum-EI_IE48.11,29.htm
49,Analog Devices,https://www.glassdoor.com/Overview/Working-at-Analog-Devices-EI_IE49.11,25.htm
50,Angelica,https://www.glassdoor.com/Overview/Working-at-Angelica-EI_IE50.11,19.htm
51,Anheuser-Busch,https://www.glassdoor.com/Overview/Working-at-Anheuser-Busch-EI_IE51.11,25.htm
53,Aon,https://www.glassdoor.com/Overview/Working-at-Aon-EI_IE53.11,14.htm
54,Apache,https://www.glassdoor.com/Overview/Working-at-Apache-EI_IE54.11,17.htm
55,Archer Daniels Midland (ADM),https://www.glassdoor.com/Overview/Working-at-Archer-Daniels-Midland-ADM-EI_IE55.11,37.htm
56,Arrow Electronics,https://www.glassdoor.com/Overview/Working-at-Arrow-Electronics-EI_IE56.11,28.htm
57,Gallagher,https://www.glassdoor.com/Overview/Working-at-Gallagher-EI_IE57.11,20.htm
58,ASARCO,https://www.glassdoor.com/Overview/Working-at-ASARCO-EI_IE58.11,17.htm
59,Arch Coal,https://www.glassdoor.com/Overview/Working-at-Arch-Coal-EI_IE59.11,20.htm
60,Ashland,https://www.glassdoor.com/Overview/Working-at-Ashland-EI_IE60.11,18.htm
61,American Land Lease,https://www.glassdoor.com/Overview/Working-at-American-Land-Lease-EI_IE61.11,30.htm
63,Atmos Energy,https://www.glassdoor.com/Overview/Working-at-Atmos-Energy-EI_IE63.11,23.htm
64,ADP,https://www.glassdoor.com/Overview/Working-at-ADP-EI_IE64.11,14.htm
65,Avery Dennison,https://www.glassdoor.com/Overview/Working-at-Avery-Dennison-EI_IE65.11,25.htm
66,Avnet,https://www.glassdoor.com/Overview/Working-at-Avnet-EI_IE66.11,16.htm
67,Avon,https://www.glassdoor.com/Overview/Working-at-Avon-EI_IE67.11,15.htm
69,BRE Properties,https://www.glassdoor.com/Overview/Working-at-BRE-Properties-EI_IE69.11,25.htm
73,ABB Motors and Mechanical Inc.,https://www.glassdoor.com/Overview/Working-at-ABB-Motors-and-Mechanical-Inc-EI_IE73.11,40.htm
74,Ball Corporation,https://www.glassdoor.com/Overview/Working-at-Ball-Corporation-EI_IE74.11,27.htm
75,Constellation,https://www.glassdoor.com/Overview/Working-at-Constellation-EI_IE75.11,24.htm
78,BNY Mellon,https://www.glassdoor.com/Overview/Working-at-BNY-Mellon-EI_IE78.11,21.htm
79,Fairchild,https://www.glassdoor.com/Overview/Working-at-Fairchild-EI_IE79.11,20.htm
80,Barnes Group,https://www.glassdoor.com/Overview/Working-at-Barnes-Group-EI_IE80.11,23.htm
81,ImmunoGen,https://www.glassdoor.com/Overview/Working-at-ImmunoGen-EI_IE81.11,20.htm
82,Bausch + Lomb,https://www.glassdoor.com/Overview/Working-at-Bausch-Lomb-EI_IE82.11,22.htm
83,Baxter,https://www.glassdoor.com/Overview/Working-at-Baxter-EI_IE83.11,17.htm
84,Columbia Gas of Massachusetts,https://www.glassdoor.com/Overview/Working-at-Columbia-Gas-of-Massachusetts-EI_IE84.11,40.htm
85,Bear Stearns,https://www.glassdoor.com/Overview/Working-at-Bear-Stearns-EI_IE85.11,23.htm
86,Applied Industrial Technologies Inc.,https://www.glassdoor.com/Overview/Working-at-Applied-Industrial-Technologies-EI_IE86.11,42.htm
87,Beckman Coulter,https://www.glassdoor.com/Overview/Working-at-Beckman-Coulter-EI_IE87.11,26.htm
88,BD,https://www.glassdoor.com/Overview/Working-at-BD-EI_IE88.htm
89,Verizon,https://www.glassdoor.com/Overview/Working-at-Verizon-EI_IE89.11,18.htm
91,BellSouth,https://www.glassdoor.com/Overview/Working-at-BellSouth-EI_IE91.11,20.htm
93,Greyhound,https://www.glassdoor.com/Overview/Working-at-Greyhound-EI_IE93.11,20.htm
94,Berkshire Hathaway,https://www.glassdoor.com/Overview/Working-at-Berkshire-Hathaway-EI_IE94.11,29.htm
95,BCI Brands,https://www.glassdoor.com/Overview/Working-at-BCI-Brands-EI_IE95.11,21.htm
97,Best Buy,https://www.glassdoor.com/Overview/Working-at-Best-Buy-EI_IE97.htm
100,Black Hills Corporation,https://www.glassdoor.com/Overview/Working-at-Black-Hills-Corporation-EI_IE100.11,34.htm
102,Boeing,https://www.glassdoor.com/Overview/Working-at-Boeing-EI_IE102.11,17.htm
103,OfficeMax,https://www.glassdoor.com/Overview/Working-at-OfficeMax-EI_IE103.11,20.htm
104,NSTAR,https://www.glassdoor.com/Overview/Working-at-NSTAR-EI_IE104.11,16.htm
106,Briggs & Stratton Corporation,https://www.glassdoor.com/Overview/Working-at-Briggs-and-Stratton-EI_IE106.11,30.htm
107,Bristol Myers Squibb,https://www.glassdoor.com/Overview/Working-at-Bristol-Myers-Squibb-EI_IE107.11,31.htm
111,Brunswick,https://www.glassdoor.com/Overview/Working-at-Brunswick-EI_IE111.11,20.htm
112,Materion,https://www.glassdoor.com/Overview/Working-at-Materion-EI_IE112.11,19.htm
113,Buckeye Partners,https://www.glassdoor.com/Overview/Working-at-Buckeye-Partners-EI_IE113.11,27.htm
114,Burlington Stores,https://www.glassdoor.com/Overview/Working-at-Burlington-Stores-EI_IE114.11,28.htm
117,CBS,https://www.glassdoor.com/Overview/Working-at-CBS-EI_IE117.11,14.htm
118,CDI Corporation,https://www.glassdoor.com/Overview/Working-at-CDI-Corporation-EI_IE118.11,26.htm
119,Cigna,https://www.glassdoor.com/Overview/Working-at-Cigna-EI_IE119.11,16.htm
120,CMS Energy,https://www.glassdoor.com/Overview/Working-at-CMS-Energy-EI_IE120.11,21.htm
121,CNA,https://www.glassdoor.com/Overview/Working-at-CNA-EI_IE121.11,14.htm
124,CSX,https://www.glassdoor.com/Overview/Working-at-CSX-EI_IE124.11,14.htm
125,CTS Corporation,https://www.glassdoor.com/Overview/Working-at-CTS-Corporation-EI_IE125.11,26.htm
126,Cabot,https://www.glassdoor.com/Overview/Working-at-Cabot-EI_IE126.11,16.htm
129,Campbell Soup Company,https://www.glassdoor.com/Overview/Working-at-Campbell-Soup-Company-EI_IE129.11,32.htm
130,ABC,https://www.glassdoor.com/Overview/Working-at-ABC-EI_IE130.11,14.htm
131,Carlisle Companies,https://www.glassdoor.com/Overview/Working-at-Carlisle-Companies-EI_IE131.11,29.htm
132,Progress Energy,https://www.glassdoor.com/Overview/Working-at-Progress-Energy-EI_IE132.11,26.htm
133,Carpenter Technology,https://www.glassdoor.com/Overview/Working-at-Carpenter-Technology-EI_IE133.11,31.htm
135,Cascade Natural Gas,https://www.glassdoor.com/Overview/Working-at-Cascade-Natural-Gas-EI_IE135.11,30.htm
136,Dole Food Company,https://www.glassdoor.com/Overview/Working-at-Dole-Food-Company-EI_IE136.11,28.htm
